{"max_u": 1.0, "layers": 3, "hidden": 256, "network_class": "baselines.her.actor_critic:ActorCritic", "Q_lr": 0.001, "pi_lr": 0.001, "buffer_size": 1000000, "polyak": 0.95, "action_l2": 1.0, "clip_obs": 200.0, "scope": "ddpg", "relative_goals": false, "n_cycles": 20, "rollout_batch_size": 2, "n_batches": 40, "batch_size": 1024, "n_test_rollouts": 10, "test_with_polyak": false, "random_eps": 0.1, "noise_eps": 0.1, "replay_strategy": "future", "replay_k": 4, "norm_eps": 0.01, "norm_clip": 5, "bc_loss": 1, "q_filter": 1, "num_demo": 100, "demo_batch_size": 128, "prm_loss_weight": 0.001, "aux_loss_weight": 0.0078, "env_name": "FetchPickAndPlace-v1"}